productName, brand,unity,commercialUnit,price,store,buyDate,wasAcquired,listId
BATATA DOCE kg,N/A,2.855,KG,11.39,Atacado Vem,25/01/2022,true,7
CEBOLA kg,N/A,1.535,KG,9.96,Atacado Vem,25/01/2022,true,7
CEBOLINHA VERDE UND,N/A,2,UN,4.98,Atacado Vem,25/01/2022,true,7
SALSA UND,N/A,2,UN,4.98,Atacado Vem,25/01/2022,true,7
S.LIXO 50L/30 63X80 GREENLIXO PTO,GREENLIXO,1,UN,11.99,Atacado Vem,25/01/2022,true,7
DETERGENTE LIMPOL 500ML CRISTAL,LIMPOL,5,UN,13.45,Atacado Vem,25/01/2022,true,7
LIMPAD CREM CIF 450ML 20 DESC ORIGINAL,CIF,1,UN,9.98,Atacado Vem,25/01/2022,true,7
LIMPAD AJAX NATURAL ESSENTIALS 1L EUCALIP/CITRUS,AJAX ,1,UN,8.59,Atacado Vem,25/01/2022,true,7
LIMPAD M-USO VEJA POW FUS SQZ 500ML LARANJA,VEJA ,1,UN,5.49,Atacado Vem,25/01/2022,true,7
AGUA SANITARIA QBOA 1L,QBOA,2,UN,7.98,Atacado Vem,25/01/2022,true,7
CREME DENT COLG T12 2X220G LMPM CLEAN MINT,COLGATE,1,UN,19.98,Atacado Vem,25/01/2022,true,7
APARELHO PRESTOBARBA3 MASC L4P3 SENSE CARE,PRESTOBARBA,1,UN,26.9,Atacado Vem,25/01/2022,true,7
DESOD AERO REXONA CLINIC MEN 150ML CLEAR,REXONA,1,UN,19.99,Atacado Vem,25/01/2022,true,7
GEL ADESIVO PATO REFIL 38G 6 DISCOS MARINE,PATO,1,UN,15.59,Atacado Vem,25/01/2022,true,7
ESPONJA M-USO BOMBRIL L4P3UND,BOMBRIL,1,UN,5.99,Atacado Vem,25/01/2022,true,7
PANO ROLO MULTI-USO CONDOR UND,CONDOR,1,UN,26.9,Atacado Vem,25/01/2022,true,7
SABONETE LIQ FIORUCCI REFIL 440ML FLOR DE CEREJ,FIORUCC,1,UN,10.99,Atacado Vem,25/01/2022,true,7
PAO DO FORNO WICKBOLD INTEGRAL 500G,WICKBOLD ,1,UN,12.89,Atacado Vem,25/01/2022,true,7
BISC CR CRACKER PIRAQUE 200G,PIRAQUE,1,UN,4.69,Atacado Vem,25/01/2022,true,7
BISC AGUA GERG PIRAQUE 240G,PIRAQUE,1,UN,4.49,Atacado Vem,25/01/2022,true,7
MASSA STA AMALIA ZERO GLUTEN 500G PENNE,STA AMALIA,1,UN,7.79,Atacado Vem,25/01/2022,true,7
MILHO PIPOCA JUPARANA 500G,JUPARANA,1,UN,5.19,Atacado Vem,25/01/2022,true,7
FEIJAO CARIOCA COMBRASIL 1kg,COMBRASIL,1,UN,11.98,Atacado Vem,25/01/2022,true,7
ACUCAR CRISTAL ALCON 2kg,ALCON,1,UN,7.99,Atacado Vem,25/01/2022,true,7
ARROZ SEPE BIANCO T1 5kg,SEPE,1,UN,19.7,Atacado Vem,25/01/2022,true,7
TAPIOCA GOMA ROCHA 500G,ROCHA,3,UN,17.97,Atacado Vem,25/01/2022,true,7
MASSA TORTILHA RAP 10 LIGHT 330G,RAP 10,1,UN,10.99,Atacado Vem,25/01/2022,true,7
FILTRO PAPEL 102 3 CORACOES 30UND,3 CORACOES,2,UN,5.98,Atacado Vem,25/01/2022,true,7
MILHO VERDE FUGINI SACHE 170G,FUGINI,5,UN,17.45,Atacado Vem,25/01/2022,true,7
QUEIJO RALADO RELIQ CANASTRA 50G,RELIQ CANASTRA,1,UN,8.79,Atacado Vem,25/01/2022,true,7
CREME LEITE BENDITO TP 200G,BENDITO,4,UN,11.16,Atacado Vem,25/01/2022,true,7
COCO FLOCOS COCO CIA INTEGRAL 100G,COCO CIA,2,UN,10.78,Atacado Vem,25/01/2022,true,7
MILHO PIPOCA JUPARANA 500G,JUPARANA,1,UN,5.19,Atacado Vem,25/01/2022,true,7
CREME LEITE BENDITO TP 200G,BENDITO,1,UN,2.79,Atacado Vem,25/01/2022,true,7
SABAO BARRA COCO URCA 180G,URCA,1,UN,3.99,Atacado Vem,25/01/2022,true,7
LEITE LV PORTO ALEGRE DESNATADO 1L,ALEGRE,7,UN,30.03,Atacado Vem,25/01/2022,true,7
FILE PEITO CONG UNIAVES BDJ 1kg,UNIAVES,5,UN,104.5,Atacado Vem,25/01/2022,true,7
LA ACO BOMBRIL 60G C/8,BOMBRIL,1,UN,3.19,Atacado Vem,25/01/2022,true,7
CHA DE DENTRO BOVINO kg,N/A,3.01,KG,117.09,Atacado Vem,25/01/2022,true,7
MUSCULO BOVINO 1 kg,N/A,1.628,KG,48.68,Atacado Vem,25/01/2022,true,7
ACEM BOVINO kg,N/A,1.156,KG,28.78,Atacado Vem,25/01/2022,true,7
MAIONESE HELLMANNS LIGHT POTE 500G,ELLMANNS,1,UN,11.99,Atacado Vem,25/01/2022,true,7
REQUEIJAO CR VENEZA LIGHT POTE 200G,VENEZA,1,UN,7.39,Atacado Vem,25/01/2022,true,7
QUEIJO RALADO RELIQ CANASTRA 50G,RELIQ,1,UN,8.79,Atacado Vem,25/01/2022,true,7
OVOS BRANCOS PEQUENO 30UND,KerOvos,1,UN,13.98,Atacado Vem,25/01/2022,true,7
AGUA C/GAS CRYSTAL 1,5L,CRYSTAL,2,UN,4.68,Atacado Vem,25/01/2022,true,7
FARINHA MAND TORR LESTE 500G,LESTE,1,UN,4.69,Atacado Vem,25/01/2022,true,7
REFRIG COCA COLA ZERO 600ML,COCA COLA,1,UN,4.99,Atacado Vem,25/01/2022,true,7
QUEIJO MINAS PAD VENEZA kg,VENEZA,0.466,KG,34.44,Atacado Vem,25/01/2022,true,7
ERVILHA CONG SADIA 1.05KG VEG TAL,SADIA,1,UN,24.59,Supermercado Sempre Tem,25/01/2022,true,7
PERNIL SUINO SOS.TEMP.VACUO CORELLA KG,CORELLA,0.676,KG,16.89,Supermercado Sempre Tem,25/01/2022,true,7
PERNIL SUINO SOS.TEMP.VACUO CORELLA KG,CORELLA,0.65,KG,16.24,Supermercado Sempre Tem,25/01/2022,true,7
PERNIL SUINO SOS.TEMP.VACUO CORELLA KG,CORELLA,0.726,KG,18.14,Supermercado Sempre Tem,25/01/2022,true,7
AVEIA YOKI FLOCOS REG 500GR,YOKI,2,UN,23.98,Supermercado Sempre Tem,25/01/2022,true,7
REFC.CLIGHT LARANJA 8G,CLIGHT,4,UN,5.96,Supermercado Sempre Tem,25/01/2022,true,7
ATUM 88 RAL.OLEO 140G,88,5,UN,26.95,Supermercado Sempre Tem,25/01/2022,true,7
MOSTARDA QUERO FP 190GR,QUERO,1,UN,5.89,Supermercado Sempre Tem,25/01/2022,true,7
KETCHUP HEMMER ZERO 310G,HEMMER,1,UN,7.69,Supermercado Sempre Tem,25/01/2022,true,7
REFR.SPRITE 2LT SACUCAR,SPRITE,2,UN,12.98,Supermercado Sempre Tem,25/01/2022,true,7
GELEIA HOMEMADE ZERO GOIABA 250G,HOMEMADE,1,UN,25.79,Supermercado Sempre Tem,25/01/2022,true,7
LAVA ROUPAS LIQ.OMO CONC.REF.500ML,OMO,1,UN,29.79,Supermercado Sempre Tem,25/01/2022,true,7
AMAC.CONC.COMFORT DOYP P.CUIDADO 900ML,COMFORT,1,UN,18.59,Supermercado Sempre Tem,25/01/2022,true,7
TOMATE KG,N/A,1.625,KG,16.23,Supermercado Sempre Tem,25/01/2022,true,7
SAB.LUX LIRIO AZUL 85G,LUX,2,UN,5.38,Supermercado Sempre Tem,25/01/2022,true,7
SAB.LUX FLOR DE LOTUS 85G,LUX,2,UN,5.38,Supermercado Sempre Tem,25/01/2022,true,7
SAB.LUX ORQUIDEA NEGRA 85G,LUX,4,UN,10.76,Supermercado Sempre Tem,25/01/2022,true,7
ALECRIM UND,N/A,1,UN,2.49,Supermercado Sempre Tem,25/01/2022,true,7
FLOR DE VIOLETA VIOLP11070,N/A,1,UN,3.99,Supermercado Sempre Tem,25/01/2022,true,7